{
  "computed_at": "2026-05-17T09:18:58.810985+00:00",
  "ref_size": 58222,
  "new_size": 13504,
  "label_drift": {
    "chi2": 0.11665515099350242,
    "p_value": 0.7326909496957376,
    "drifted": false,
    "ref_dist": {
      "ham": 0.5346260863591082,
      "spam": 0.46537391364089176
    },
    "new_dist": {
      "ham": 0.5329531990521327,
      "spam": 0.4670468009478673
    },
    "ref_n": 58222,
    "new_n": 13504
  },
  "feature_drift": {
    "n_features": 100,
    "ks_drifted_features": 0,
    "mean_psi": 0.00010430308738167329,
    "max_psi": 0.0005960445626798387,
    "drifted_top_features": []
  },
  "drift_score": 0.0002920486446686852,
  "month": "2026-05",
  "ref_start": "2025-11",
  "ref_end": "2026-04",
  "ref_months": [
    "2025-11",
    "2025-12",
    "2026-01",
    "2026-02",
    "2026-03",
    "2026-04"
  ]
}