{
  "computed_at": "2026-05-17T09:23:46.220578+00:00",
  "ref_size": 58231,
  "new_size": 9710,
  "label_drift": {
    "chi2": 0.21017967603972393,
    "p_value": 0.6466266122279041,
    "drifted": false,
    "ref_dist": {
      "ham": 0.5307997458398448,
      "spam": 0.46920025416015526
    },
    "new_dist": {
      "ham": 0.5333676622039135,
      "spam": 0.4666323377960865
    },
    "ref_n": 58231,
    "new_n": 9710
  },
  "feature_drift": {
    "n_features": 100,
    "ks_drifted_features": 0,
    "mean_psi": 0.0001524515437020768,
    "max_psi": 0.0010380032305779391,
    "drifted_top_features": []
  },
  "drift_score": 0.00042686432236581503,
  "month": "2025-11",
  "ref_start": "2025-05",
  "ref_end": "2025-10",
  "ref_months": [
    "2025-05",
    "2025-06",
    "2025-07",
    "2025-08",
    "2025-09",
    "2025-10"
  ]
}